Fraction,Scan,Source File,Peptide,Tag Length,ALC (%),length,m/z,z,RT,Area,Mass,ppm,PTM,local confidence (%),tag (>=0%),mode
1,2946,062016_ETNP_129_100m.mgf,VLMACFYTK,9,93,9,538.2926,2,65.64,,1074.5242,43.3,,95 97 94 89 91 95 95 87 93,VLMACFYTK,CID
1,3603,062016_ETNP_129_100m.mgf,EYLM(+15.99)R,5,92,5,727.4352,1,78.39,,726.337,125.2,Oxidation (M),98 97 96 83 86,EYLM(+15.99)R,CID
1,1194,062016_ETNP_129_100m.mgf,HPAPR,5,91,5,577.3126,1,41.74,,576.3132,-13.7,,92 90 88 91 95,HPAPR,CID
1,2597,062016_ETNP_129_100m.mgf,LPGETLMAAPR,11,86,11,578.3422,2,60.75,,1154.6118,50.2,,79 67 79 92 92 91 89 93 95 82 90,LPGETLMAAPR,CID
1,3695,062016_ETNP_129_100m.mgf,HSAPTDFLSLR,11,84,11,622.3097,2,80.53,,1242.6357,-24.9,,44 55 56 94 98 96 95 96 94 98 98,HSAPTDFLSLR,CID
1,3742,062016_ETNP_129_100m.mgf,STAM(+15.99)VWQR,8,83,8,497.7907,2,81.78,,993.4702,97.2,Oxidation (M),55 61 91 94 95 87 86 95,STAM(+15.99)VWQR,CID
1,1886,062016_ETNP_129_100m.mgf,QPENLPLGPK,10,80,10,546.7726,2,51.57,,1091.5974,-61.1,,56 60 93 92 93 90 92 66 72 92,QPENLPLGPK,CID
1,2939,062016_ETNP_129_100m.mgf,AAPFETFYTK,10,80,10,587.8145,2,65.61,,1173.5706,37.4,,39 62 46 91 95 97 96 94 87 92,AAPFETFYTK,CID
1,3160,062016_ETNP_129_100m.mgf,GPDLTAWRR,9,79,9,536.3021,2,69.35,,1070.562,25.9,,45 63 89 92 90 88 74 73 93,GPDLTAWRR,CID
1,875,062016_ETNP_129_100m.mgf,M(+15.99)MAHK,5,76,5,633.3568,1,36.88,,632.2775,114,Oxidation (M),79 83 72 57 89,M(+15.99)MAHK,CID
1,1994,062016_ETNP_129_100m.mgf,DGPYVVTVLSPR,12,76,12,651.8198,2,52.94,,1301.698,-56,,49 34 44 48 86 92 93 92 94 92 95 98,DGPYVVTVLSPR,CID
1,2074,062016_ETNP_129_100m.mgf,AAHGNTTSAAVPK,13,75,13,408.9155,3,54.02,,1223.6257,80.9,,33 46 34 56 93 97 96 94 94 91 87 71 86,AAHGNTTSAAVPK,CID
1,2248,062016_ETNP_129_100m.mgf,ATLTSPPR,8,74,8,421.7599,2,56.29,,841.4658,47,,80 79 85 74 78 73 49 77,ATLTSPPR,CID
1,2774,062016_ETNP_129_100m.mgf,APALTCHLAPAK,12,74,12,596.8345,2,63.08,,1191.6433,9.3,,63 55 63 96 96 89 73 93 91 48 51 69,APALTCHLAPAK,CID
1,2075,062016_ETNP_129_100m.mgf,LYNTTSAAVPK,11,74,11,582.806,2,54.02,,1163.6187,-18.2,,56 50 88 96 98 97 96 92 43 34 63,LYNTTSAAVPK,CID
1,1181,062016_ETNP_129_100m.mgf,TSAGEYMAFK,10,74,10,552.7775,2,41.5,,1103.4956,40.7,,63 62 91 81 88 85 48 39 85 96,TSAGEYMAFK,CID
1,2740,062016_ETNP_129_100m.mgf,ESFWCVPAR,9,73,9,547.7936,2,62.63,,1093.5015,65.1,,48 45 67 71 54 90 94 96 98,ESFWCVPAR,CID
1,3679,062016_ETNP_129_100m.mgf,ETLLEAC(+57.02)MHK,10,73,10,616.3123,2,80.09,,1230.5737,29.5,Carbamidomethylation,51 52 92 98 96 88 45 39 80 95,ETLLEAC(+57.02)MHK,CID
1,1875,062016_ETNP_129_100m.mgf,YRSPLR,6,73,6,396.2067,2,51.45,,790.4449,-58.4,,89 89 79 70 57 57,YRSPLR,CID
1,3279,062016_ETNP_129_100m.mgf,CCSVHK,6,73,6,676.3712,1,71.55,,675.2833,119.4,,82 80 79 72 57 69,CCSVHK,CID
1,1964,062016_ETNP_129_100m.mgf,TYGGLLYCVR,10,73,10,572.8215,2,52.59,,1143.5747,46.9,,74 74 89 96 99 89 34 24 67 85,TYGGLLYCVR,CID
1,3677,062016_ETNP_129_100m.mgf,ESVLTCVLHK,10,73,10,564.8145,2,80.08,,1127.6008,12,,51 54 89 95 59 62 46 85 92 97,ESVLTCVLHK,CID
1,2242,062016_ETNP_129_100m.mgf,GETLSPPR,8,73,8,428.7495,2,56.28,,855.445,46.1,,79 92 90 86 73 63 37 61,GETLSPPR,CID
1,3248,062016_ETNP_129_100m.mgf,LPGPLYR,7,73,7,815.4316,1,70.99,,814.4701,-56.2,,56 44 34 86 96 96 98,LPGPLYR,CID
1,1842,062016_ETNP_129_100m.mgf,WNQLTSPR,8,72,8,501.2739,2,51,,1000.509,24.3,,76 86 80 82 72 51 37 89,WNQLTSPR,CID
1,2715,062016_ETNP_129_100m.mgf,CCADQGLAVGK,11,71,11,532.7677,2,62.36,,1063.479,39.3,,94 92 87 76 79 12 35 60 66 86 97,CCADQGLAVGK,CID
1,1704,062016_ETNP_129_100m.mgf,GCVLC(+57.02)HYPK,9,71,9,538.7746,2,49.34,,1075.4944,37.4,Carbamidomethylation,66 82 84 90 73 79 59 43 66,GCVLC(+57.02)HYPK,CID
1,1562,062016_ETNP_129_100m.mgf,GHDRYLVR,8,71,8,508.2829,2,47.18,,1014.5359,15.2,,28 60 81 68 61 89 89 94,GHDRYLVR,CID
1,1255,062016_ETNP_129_100m.mgf,QNVLWVR,7,71,7,457.7584,2,42.65,,913.5134,-12.2,,46 52 76 70 66 90 98,QNVLWVR,CID
1,3242,062016_ETNP_129_100m.mgf,HSAEPNLPLYR,11,71,11,648.8867,2,70.96,,1295.6621,74.7,,56 41 29 84 86 90 95 68 63 76 93,HSAEPNLPLYR,CID
1,3776,062016_ETNP_129_100m.mgf,TVNLLFPPR,9,71,9,528.8193,2,82.31,,1055.6128,10.7,,95 96 96 98 93 49 25 28 59,TVNLLFPPR,CID
1,3697,062016_ETNP_129_100m.mgf,NDGSANC(+57.02)PTDFLSLR,15,71,15,833.8973,2,80.56,,1665.7417,23.1,Carbamidomethylation,67 44 13 31 48 37 85 92 95 94 90 92 88 93 93,NDGSANC(+57.02)PTDFLSLR,CID
1,1960,062016_ETNP_129_100m.mgf,HVVCGGCTKC(+57.02)VR,12,70,12,659.8475,2,52.57,,1317.6104,53.3,Carbamidomethylation,34 39 27 81 93 93 96 94 70 62 69 89,HVVCGGCTKC(+57.02)VR,CID
1,2077,062016_ETNP_129_100m.mgf,VGNSDSAAPAR,11,70,11,522.7126,2,54.04,,1043.4995,-85.2,,92 84 88 68 75 86 96 97 34 20 35,VGNSDSAAPAR,CID
1,2756,062016_ETNP_129_100m.mgf,VC(+57.02)VAVM(+15.99)AGNK,10,70,10,532.7881,2,62.82,,1063.5154,43.6,Carbamidomethylation; Oxidation (M),90 90 88 70 49 63 83 38 52 81,VC(+57.02)VAVM(+15.99)AGNK,CID
1,3249,062016_ETNP_129_100m.mgf,KRCR,4,69,4,562.3273,1,71.05,,561.3169,5.6,,73 75 44 85,KRCR,CID
1,3288,062016_ETNP_129_100m.mgf,NM(+15.99)HLLVYK,8,68,8,517.2764,2,71.69,,1032.5427,-4.4,Oxidation (M),74 88 92 93 55 45 28 74,NM(+15.99)HLLVYK,CID
1,2816,062016_ETNP_129_100m.mgf,HCLK,4,68,4,500.3087,1,63.62,,499.2577,87.5,,52 48 82 90,HCLK,CID
1,2710,062016_ETNP_129_100m.mgf,LAPAAQLR,8,68,8,420.2091,2,62.26,,838.5024,-117.9,,50 45 32 57 88 85 94 97,LAPAAQLR,CID
1,1688,062016_ETNP_129_100m.mgf,GSPCASR,7,68,7,677.3741,1,48.97,,676.2963,104.3,,94 97 93 62 24 26 82,GSPCASR,CID
1,1888,062016_ETNP_129_100m.mgf,ENC(+57.02)CATDENLPLGPK,15,68,15,830.8832,2,51.64,,1659.7231,17.3,Carbamidomethylation,39 39 27 29 38 92 98 95 87 92 80 82 49 79 96,ENC(+57.02)CATDENLPLGPK,CID
1,3439,062016_ETNP_129_100m.mgf,YVC(+57.02)PECLR,8,67,8,520.2786,2,74.85,,1038.4626,77,Carbamidomethylation,90 91 49 17 27 74 94 95,YVC(+57.02)PECLR,CID
1,1555,062016_ETNP_129_100m.mgf,YLVEAK,6,67,6,722.3826,1,47.04,,721.401,-35.6,,78 56 24 67 82 93,YLVEAK,CID
1,2825,062016_ETNP_129_100m.mgf,YNALK,5,67,5,608.2701,1,63.71,,607.3329,-115.5,,83 43 24 89 95,YNALK,CID
1,3355,062016_ETNP_129_100m.mgf,KGFVHCDNK,9,66,9,524.2879,2,73.09,,1046.4968,61.6,,63 66 83 68 48 84 86 38 61,KGFVHCDNK,CID
1,2754,062016_ETNP_129_100m.mgf,FCALRPTSLNK,11,66,11,625.3418,2,62.81,,1248.6648,3.4,,46 52 86 96 94 88 85 67 49 22 41,FCALRPTSLNK,CID
1,2252,062016_ETNP_129_100m.mgf,EDELCDGPTNK,11,66,11,610.775,2,56.3,,1219.5027,26.8,,41 48 72 85 78 79 44 46 78 61 95,EDELCDGPTNK,CID
1,2720,062016_ETNP_129_100m.mgf,GQHEAAVGK,9,66,9,448.7182,2,62.4,,895.4512,-32.7,,37 40 30 81 86 79 67 75 98,GQHEAAVGK,CID
1,3604,062016_ETNP_129_100m.mgf,KQVYLFR,7,66,7,477.3068,2,78.39,,952.5494,52.1,,31 33 62 67 90 84 93,KQVYLFR,CID
1,2938,062016_ETNP_129_100m.mgf,LAPMGETFYTK,11,66,11,629.3439,2,65.6,,1256.6111,49.5,,44 39 20 62 48 74 81 90 91 82 91,LAPMGETFYTK,CID
1,1066,062016_ETNP_129_100m.mgf,DGPLNDK,7,65,7,758.4214,1,39.8,,757.3606,70.7,,78 25 41 91 83 65 74,DGPLNDK,CID
1,1957,062016_ETNP_129_100m.mgf,DHLLCVR,7,65,7,855.4005,1,52.47,,854.4432,-58.6,,74 86 87 75 50 37 49,DHLLCVR,CID
1,1219,062016_ETNP_129_100m.mgf,MDAPGK,6,65,6,618.3636,1,42.1,,617.2843,116.8,,44 52 69 84 74 65,MDAPGK,CID
1,1887,062016_ETNP_129_100m.mgf,ESTNGQTDENLPLGPK,16,64,16,850.4012,2,51.63,,1698.8059,-10.6,,38 37 24 23 10 32 93 98 97 90 93 85 84 50 82 96,ESTNGQTDENLPLGPK,CID
1,1074,062016_ETNP_129_100m.mgf,NESPRENSR,9,64,9,544.7858,2,39.89,,1087.5007,51.8,,37 44 66 77 68 43 71 82 92,NESPRENSR,CID
1,3259,062016_ETNP_129_100m.mgf,VPAGDLLAASGLEEK,15,64,15,735.384,2,71.21,,1468.7773,-16.3,,39 37 39 16 31 40 89 94 95 92 50 90 82 79 92,VPAGDLLAASGLEEK,CID
1,2928,062016_ETNP_129_100m.mgf,HGSPLAATLAAPK,13,64,13,617.3014,2,65.46,,1232.6877,-80.7,,32 20 27 79 94 95 92 82 82 68 49 45 70,HGSPLAATLAAPK,CID
1,3735,062016_ETNP_129_100m.mgf,SPCLMPR,7,64,7,803.4854,1,81.51,,802.3829,118.6,,85 80 73 31 22 66 92,SPCLMPR,CID
1,3388,062016_ETNP_129_100m.mgf,LAHLQR,6,64,6,737.3828,1,73.9,,736.4344,-80,,51 41 51 79 77 85,LAHLQR,CID
1,3251,062016_ETNP_129_100m.mgf,NEYR,4,64,4,581.2834,1,71.07,,580.2605,27,,59 49 62 84,NEYR,CID
1,2577,062016_ETNP_129_100m.mgf,LNAPGGLLLMAGPR,14,64,14,690.3498,2,60.4,,1378.7754,-65.5,,39 34 21 18 51 62 87 95 94 79 75 72 74 90,LNAPGGLLLMAGPR,CID
1,3441,062016_ETNP_129_100m.mgf,KLANPCAEPCLR,12,63,12,657.8196,2,74.91,,1313.6584,-25.7,,49 52 26 27 77 65 45 68 75 87 95 96,KLANPCAEPCLR,CID
1,3250,062016_ETNP_129_100m.mgf,MNVNLPYLR,9,63,9,560.3066,2,71.07,,1118.5906,7.2,,76 41 31 85 93 78 34 44 90,MNVNLPYLR,CID
1,1689,062016_ETNP_129_100m.mgf,FAVR,4,63,4,492.2929,1,48.97,,491.2856,0.1,,46 44 76 88,FAVR,CID
1,3413,062016_ETNP_129_100m.mgf,ALLDNAMVLSHK,12,63,12,656.3497,2,74.37,,1310.7017,-12.9,,34 46 35 30 76 92 90 94 81 61 44 76,ALLDNAMVLSHK,CID
1,2245,062016_ETNP_129_100m.mgf,LPLTK,5,63,5,571.3558,1,56.29,,570.3741,-44.8,,56 72 87 52 49,LPLTK,CID
1,3418,062016_ETNP_129_100m.mgf,C(+57.02)C(+57.02)ALVHTAR,9,63,9,544.3036,2,74.45,,1086.5063,79.5,Carbamidomethylation,43 51 90 98 95 76 26 21 68,C(+57.02)C(+57.02)ALVHTAR,CID
1,3262,062016_ETNP_129_100m.mgf,AVPGPLLAASGLEEK,15,63,15,726.3782,2,71.22,,1450.803,-42.2,,39 39 26 15 21 50 96 96 94 91 45 88 79 77 92,AVPGPLLAASGLEEK,CID
1,2574,062016_ETNP_129_100m.mgf,AAPVSGMFEPAK,12,63,12,602.7968,2,60.22,,1203.5957,-13.8,,35 54 40 89 96 80 76 79 82 25 27 71,AAPVSGMFEPAK,CID
1,2565,062016_ETNP_129_100m.mgf,VDLASMC(+57.02)HK,9,63,9,530.7805,2,60.14,,1059.4841,58.9,Carbamidomethylation,39 48 73 79 77 57 67 52 74,VDLASMC(+57.02)HK,CID
1,3602,062016_ETNP_129_100m.mgf,VPQDR,5,63,5,614.3512,1,78.38,,613.3184,41.7,,83 66 69 43 54,VPQDR,CID
1,3772,062016_ETNP_129_100m.mgf,RGHVNLLFPPR,11,63,11,653.3643,2,82.26,,1304.7466,-24.9,,39 21 31 89 92 94 90 45 22 76 93,RGHVNLLFPPR,CID
1,3122,062016_ETNP_129_100m.mgf,WYLR,4,63,4,637.3315,1,68.78,,636.3384,-22.3,,41 41 82 88,WYLR,CID
1,1966,062016_ETNP_129_100m.mgf,DPPC(+57.02)LGGLC(+57.02)TNCR,13,63,13,731.8301,2,52.6,,1461.6162,20.1,Carbamidomethylation,65 35 26 73 94 94 90 91 72 57 19 21 79,DPPC(+57.02)LGGLC(+57.02)TNCR,CID
1,2493,062016_ETNP_129_100m.mgf,SSPQLNDMER,10,63,10,588.806,2,59.09,,1175.5242,62.4,,55 62 85 89 92 82 75 22 24 41,SSPQLNDMER,CID
1,2638,062016_ETNP_129_100m.mgf,GSNGSRGNK,9,63,9,438.7535,2,61.13,,875.4209,81.8,,72 83 46 22 71 70 31 78 90,GSNGSRGNK,CID
1,2431,062016_ETNP_129_100m.mgf,TNCCDFVSWVVK,12,63,12,700.8599,2,58.29,,1399.6265,56.3,,49 52 35 38 93 95 93 84 54 27 46 86,TNCCDFVSWVVK,CID
1,2078,062016_ETNP_129_100m.mgf,DGPK,4,62,4,416.2298,1,54.09,,415.2067,38.1,,79 67 48 56,DGPK,CID
1,2370,062016_ETNP_129_100m.mgf,SLSENASEVGEPR,13,62,13,687.865,2,57.71,,1373.6423,53.2,,37 46 21 50 43 77 75 82 91 48 62 85 96,SLSENASEVGEPR,CID
1,1915,062016_ETNP_129_100m.mgf,NGLEPK,6,62,6,657.4295,1,51.94,,656.3493,111.1,,41 22 68 66 90 86,NGLEPK,CID
1,3472,062016_ETNP_129_100m.mgf,KVNQR,5,62,5,644.3613,1,75.62,,643.3765,-34.9,,55 48 54 70 85,KVNQR,CID
1,2246,062016_ETNP_129_100m.mgf,VAPTLAPR,8,62,8,412.7544,2,56.29,,823.4916,3.3,,70 60 57 76 85 51 38 60,VAPTLAPR,CID
1,2294,062016_ETNP_129_100m.mgf,RM(+15.99)HK,4,62,4,587.3172,1,56.97,,586.301,15.3,Oxidation (M),70 76 49 52,RM(+15.99)HK,CID
1,2753,062016_ETNP_129_100m.mgf,TQTGALRPTSLNK,13,62,13,693.8624,2,62.81,,1385.7627,-37.9,,43 45 24 12 87 96 91 88 90 82 69 30 49,TQTGALRPTSLNK,CID
1,3399,062016_ETNP_129_100m.mgf,AVVM(+15.99)VPALEAADACTR,16,62,16,816.9289,2,74.13,,1631.801,25.9,Oxidation (M),35 37 34 21 57 67 93 97 95 94 90 90 85 41 22 34,AVVM(+15.99)VPALEAADACTR,CID
1,2111,062016_ETNP_129_100m.mgf,NGETLLPK,8,62,8,871.3963,1,54.52,,870.4811,-105.8,,40 23 73 77 88 88 44 60,NGETLLPK,CID
1,3349,062016_ETNP_129_100m.mgf,CEALR,5,62,5,591.3601,1,73.06,,590.2846,115.6,,70 45 22 83 88,CEALR,CID
1,3389,062016_ETNP_129_100m.mgf,CC(+57.02)CGRASLQR,10,62,10,577.2911,2,73.91,,1152.4951,63,Carbamidomethylation,46 57 81 63 66 51 51 66 60 70,CC(+57.02)CGRASLQR,CID
1,2933,062016_ETNP_129_100m.mgf,LLGVPPR,7,61,7,751.3915,1,65.51,,750.4752,-121.2,,68 60 41 61 71 55 74,LLGVPPR,CID
1,3566,062016_ETNP_129_100m.mgf,LAPPSQLFATEAR,13,61,13,700.8458,2,77.54,,1399.7458,-49.2,,45 40 32 24 80 79 88 93 94 82 32 29 84,LAPPSQLFATEAR,CID
1,3745,062016_ETNP_129_100m.mgf,WVVPGGLSLAM(+15.99)VWQR,15,61,15,857.9329,2,81.8,,1713.9023,-29.8,Oxidation (M),31 34 62 23 13 12 44 87 96 93 91 90 75 75 93,WVVPGGLSLAM(+15.99)VWQR,CID
1,3257,062016_ETNP_129_100m.mgf,APVGFLNLAASGLEEK,16,61,16,808.3981,2,71.2,,1614.8616,-49.5,,38 34 28 20 38 48 28 84 94 95 91 49 89 80 77 88,APVGFLNLAASGLEEK,CID
1,2945,062016_ETNP_129_100m.mgf,AANFYTK,7,61,7,814.4758,1,65.63,,813.4021,81.7,,34 33 26 77 89 79 90,AANFYTK,CID
1,2934,062016_ETNP_129_100m.mgf,CCVPR,5,61,5,577.3444,1,65.53,,576.2512,149,,66 66 76 44 51,CCVPR,CID
1,1913,062016_ETNP_129_100m.mgf,NGEPK,5,61,5,544.3464,1,51.94,,543.2653,135.9,,46 30 55 89 82,NGEPK,CID
1,1991,062016_ETNP_129_100m.mgf,VFVATWVLSPR,11,61,11,637.8175,2,52.89,,1273.7183,-76.8,,35 37 24 55 52 48 75 93 90 72 85,VFVATWVLSPR,CID
1,2868,062016_ETNP_129_100m.mgf,VAQESLPK,8,60,8,436.2732,2,64.49,,870.481,58.3,,72 72 66 27 26 82 60 78,VAQESLPK,CID
1,2123,062016_ETNP_129_100m.mgf,HVSDAALLR,9,60,9,491.3094,2,54.68,,980.5403,65.3,,83 82 68 73 31 31 43 46 83,HVSDAALLR,CID
1,2372,062016_ETNP_129_100m.mgf,ALGTNASEVWPR,12,60,12,650.8281,2,57.73,,1299.6572,-12,,38 50 12 28 49 62 73 83 86 69 73 96,ALGTNASEVWPR,CID
1,2651,062016_ETNP_129_100m.mgf,VLM(+15.99)ETR,6,59,6,764.3845,1,61.44,,763.3898,-16.5,Oxidation (M),78 49 19 70 66 75,VLM(+15.99)ETR,CID
1,3421,062016_ETNP_129_100m.mgf,LPATWLGFSPANPR,14,59,14,763.8615,2,74.51,,1525.8042,-62.7,,45 30 19 16 20 91 79 56 74 67 88 77 77 95,LPATWLGFSPANPR,CID
1,1995,062016_ETNP_129_100m.mgf,TAPLAPPCTATVLSPR,16,59,16,797.887,2,52.94,,1593.8547,-59.8,,46 50 32 52 40 21 19 19 25 89 90 89 94 92 94 98,TAPLAPPCTATVLSPR,CID
1,1554,062016_ETNP_129_100m.mgf,APVVAAPCLVPR,12,59,12,596.8035,2,47.04,,1191.6797,-73.2,,51 46 77 92 95 73 18 18 66 67 43 65,APVVAAPCLVPR,CID
1,1713,062016_ETNP_129_100m.mgf,AAPTDHYPK,9,59,9,500.2824,2,49.37,,998.4821,68.3,,44 70 38 59 29 69 51 77 95,AAPTDHYPK,CID
1,1782,062016_ETNP_129_100m.mgf,HHTSC(+57.02)LPK,8,59,8,490.252,2,50.13,,978.4705,19.4,Carbamidomethylation,45 48 67 62 32 48 78 95,HHTSC(+57.02)LPK,CID
1,2004,062016_ETNP_129_100m.mgf,SECCDVAHK,9,59,9,496.2238,2,53.06,,990.3899,43.5,,51 80 76 51 71 40 40 41 79,SECCDVAHK,CID
1,3581,062016_ETNP_129_100m.mgf,TASCM(+15.99)LR,7,59,7,399.2151,2,77.78,,796.3572,73.4,Oxidation (M),44 50 38 28 69 90 93,TASCM(+15.99)LR,CID
1,3139,062016_ETNP_129_100m.mgf,ALPLLDYVGNSPAK,14,59,14,729.3899,2,69.04,,1456.7925,-18.7,,32 44 31 59 70 93 92 96 86 76 46 12 19 69,ALPLLDYVGNSPAK,CID
1,3569,062016_ETNP_129_100m.mgf,WNHVSQLFATEAR,13,59,13,779.8909,2,77.57,,1557.7688,-1,,33 38 26 26 75 78 87 91 93 82 31 26 79,WNHVSQLFATEAR,CID
1,2243,062016_ETNP_129_100m.mgf,RLTK,4,58,4,517.2556,1,56.28,,516.3384,-174.5,,74 80 34 45,RLTK,CID
1,2292,062016_ETNP_129_100m.mgf,YALDSHK,7,58,7,417.2369,2,56.95,,832.4079,61.8,,48 41 43 50 73 82 71,YALDSHK,CID
1,3082,062016_ETNP_129_100m.mgf,LPSQSK,6,58,6,659.3824,1,68.1,,658.365,15.4,,67 49 65 61 41 66,LPSQSK,CID
1,1196,062016_ETNP_129_100m.mgf,TPAAGAPR,8,58,8,740.3757,1,41.75,,739.3976,-39.6,,39 32 40 37 46 79 93 98,TPAAGAPR,CID
1,2244,062016_ETNP_129_100m.mgf,GPDLWR,6,58,6,743.4395,1,56.28,,742.3762,75.5,,63 66 40 72 34 71,GPDLWR,CID
1,2398,062016_ETNP_129_100m.mgf,HENK,4,57,4,527.2007,1,58,,526.2499,-107.4,,44 41 63 82,HENK,CID
1,3740,062016_ETNP_129_100m.mgf,NPHWQR,6,57,6,419.2296,2,81.75,,836.4042,48.4,,43 40 21 67 82 92,NPHWQR,CID
1,2430,062016_ETNP_129_100m.mgf,RPHDFVSTSPVK,12,57,12,685.3705,2,58.29,,1368.7148,8.5,,34 30 26 87 96 95 86 27 19 45 57 88,RPHDFVSTSPVK,CID
1,2478,062016_ETNP_129_100m.mgf,GNHGRAEK,8,57,8,434.7676,2,58.91,,867.4311,103.2,,27 52 83 25 40 75 67 89,GNHGRAEK,CID
1,3085,062016_ETNP_129_100m.mgf,EM(+15.99)SVNAAR,8,57,8,447.2471,2,68.1,,892.4073,81.1,Oxidation (M),92 87 82 54 60 21 21 41,EM(+15.99)SVNAAR,CID
1,3264,062016_ETNP_129_100m.mgf,LGPVECSAGLGMLEEK,16,57,16,816.9028,2,71.23,,1631.7898,0.8,,73 18 28 35 34 31 32 60 46 86 65 80 82 76 77 91,LGPVECSAGLGMLEEK,CID
1,3605,062016_ETNP_129_100m.mgf,APAGNELLVYM(+15.99)R,12,57,12,675.3041,2,78.44,,1348.6809,-64.7,Oxidation (M),31 35 28 15 22 19 89 93 85 93 86 92,APAGNELLVYM(+15.99)R,CID
1,3773,062016_ETNP_129_100m.mgf,VAAGYVNLLFPPR,13,57,13,708.8793,2,82.27,,1415.7925,-34.2,,33 38 35 13 32 87 89 95 91 38 21 75 95,VAAGYVNLLFPPR,CID
1,2444,062016_ETNP_129_100m.mgf,M(+15.99)LDAPAAATSLNETPK,16,57,16,823.3594,2,58.44,,1644.8027,-59.9,Oxidation (M),35 50 45 40 25 38 79 63 65 71 94 93 93 41 20 59,M(+15.99)LDAPAAATSLNETPK,CID
1,3106,062016_ETNP_129_100m.mgf,DGELAFALPK,10,57,10,530.7991,2,68.51,,1059.5601,22.2,,91 76 82 81 21 21 22 74 43 60,DGELAFALPK,CID
1,1297,062016_ETNP_129_100m.mgf,RAHGDVFLLK,10,57,10,578.3049,2,43.37,,1154.656,-52.7,,72 79 72 16 29 56 67 50 63 61,RAHGDVFLLK,CID
1,2221,062016_ETNP_129_100m.mgf,CKFMLDAAYR,10,57,10,609.3234,2,55.97,,1216.5732,48.4,,35 39 26 82 96 94 72 21 23 79,CKFMLDAAYR,CID
1,3282,062016_ETNP_129_100m.mgf,KMMLVTVHK,9,56,9,543.7681,2,71.59,,1085.6089,-80.4,,33 34 35 90 75 63 62 45 68,KMMLVTVHK,CID
1,1988,062016_ETNP_129_100m.mgf,SKCSSLGPPR,10,56,10,516.2734,2,52.84,,1030.5229,9.1,,75 77 60 20 13 34 59 68 71 88,SKCSSLGPPR,CID
1,3081,062016_ETNP_129_100m.mgf,KQCLGEPPFPPK,12,56,12,670.8344,2,68.08,,1339.6958,-31,,46 41 25 65 75 89 77 66 63 55 27 45,KQCLGEPPFPPK,CID
1,2441,062016_ETNP_129_100m.mgf,MPM(+15.99)EYDDLLDVLPK,14,56,14,847.8555,2,58.43,,1693.7942,-57.7,Oxidation (M),21 19 21 18 18 76 75 91 90 83 78 61 56 82,MPM(+15.99)EYDDLLDVLPK,CID
1,3774,062016_ETNP_129_100m.mgf,KAHLLFPPR,9,56,9,539.8131,2,82.27,,1077.6448,-30.7,,35 41 29 90 86 41 22 68 93,KAHLLFPPR,CID
1,3236,062016_ETNP_129_100m.mgf,CHDYAAPKPK,10,56,10,565.3252,2,70.86,,1128.5386,86.2,,56 60 92 94 86 60 14 17 25 59,CHDYAAPKPK,CID
1,2713,062016_ETNP_129_100m.mgf,LETAAAGLAVGK,12,56,12,550.7753,2,62.31,,1099.6238,-79.8,,41 38 68 91 68 43 56 89 69 40 18 49,LETAAAGLAVGK,CID
1,1623,062016_ETNP_129_100m.mgf,NPLMSK,6,56,6,689.3604,1,47.91,,688.3578,-6.8,,37 30 25 63 86 95,NPLMSK,CID
1,3446,062016_ETNP_129_100m.mgf,VLSVQNK,7,56,7,787.4521,1,74.97,,786.46,-19.3,,75 54 34 67 65 34 63,VLSVQNK,CID
1,1523,062016_ETNP_129_100m.mgf,KQEVPK,6,56,6,728.3726,1,46.75,,727.4228,-79.1,,49 41 60 69 39 77,KQEVPK,CID
1,2365,062016_ETNP_129_100m.mgf,QQNGVVGEPR,10,56,10,542.2889,2,57.68,,1082.5469,15.2,,34 39 57 43 87 93 48 45 43 68,QQNGVVGEPR,CID
1,3012,062016_ETNP_129_100m.mgf,EANAPVFDR,9,56,9,509.79,2,66.71,,1017.4879,76.2,,90 90 79 38 19 25 28 48 86,EANAPVFDR,CID
1,3381,062016_ETNP_129_100m.mgf,HMMLSVLPPAK,11,56,11,612.3368,2,73.76,,1222.6565,2.1,,32 39 79 96 95 91 94 33 15 18 20,HMMLSVLPPAK,CID
1,3547,062016_ETNP_129_100m.mgf,LPDPWPPK,8,55,8,475.2483,2,77.08,,948.5068,-26.1,,61 39 48 15 38 66 82 94,LPDPWPPK,CID
1,3545,062016_ETNP_129_100m.mgf,WTDPPK,6,55,6,743.426,1,77.07,,742.365,72.3,,54 37 21 52 78 91,WTDPPK,CID
1,1737,062016_ETNP_129_100m.mgf,CVDRSALPK,9,55,9,494.7561,2,49.65,,987.5172,-19.7,,86 70 77 62 22 21 35 34 90,CVDRSALPK,CID
1,2988,062016_ETNP_129_100m.mgf,NPSPAAVYDSAERVR,15,55,15,816.379,2,66.33,,1630.8062,-38.4,,26 25 21 20 27 27 33 79 89 84 78 73 65 89 96,NPSPAAVYDSAERVR,CID
1,2428,062016_ETNP_129_100m.mgf,LADADHTK,8,55,8,435.7551,2,58.28,,869.4243,82.1,,66 56 78 60 56 29 24 72,LADADHTK,CID
1,3775,062016_ETNP_129_100m.mgf,LAGAHAVNLLFPPR,14,55,14,738.381,2,82.27,,1474.8408,-63.3,,43 37 15 24 31 45 85 89 95 88 34 18 73 94,LAGAHAVNLLFPPR,CID
1,2443,062016_ETNP_129_100m.mgf,HACGGGM(+15.99)AATSLNCVPR,17,55,17,830.8538,2,58.44,,1659.728,-21.1,Oxidation (M),32 38 27 23 16 14 30 76 67 74 80 94 87 71 65 57 78,HACGGGM(+15.99)AATSLNCVPR,CID
1,1503,062016_ETNP_129_100m.mgf,MSVDHCK,7,54,7,819.3836,1,46.41,,818.3415,42.6,,50 67 44 71 31 34 84,MSVDHCK,CID
1,3018,062016_ETNP_129_100m.mgf,FELTAYC(+57.02)QTR,10,54,10,644.8386,2,66.82,,1287.5918,55.1,Carbamidomethylation,56 70 32 24 46 62 33 63 61 93,FELTAYC(+57.02)QTR,CID
1,3393,062016_ETNP_129_100m.mgf,EPAEGPPVLELANK,14,54,14,732.3889,2,73.97,,1462.7666,-2.3,,44 37 40 38 10 28 88 97 97 86 33 18 59 85,EPAEGPPVLELANK,CID
1,1705,062016_ETNP_129_100m.mgf,DLCTAAMAAGMPPK,14,54,14,688.8268,2,49.34,,1375.6299,6.6,,39 46 31 67 76 75 60 55 45 29 32 44 70 86,DLCTAAMAAGMPPK,CID
1,3480,062016_ETNP_129_100m.mgf,TSVAAHTLR,9,54,9,478.2851,2,75.87,,954.5247,32.4,,59 57 35 28 49 61 45 75 73,TSVAAHTLR,CID
1,3158,062016_ETNP_129_100m.mgf,STNAGAVFCLLR,12,54,12,626.3219,2,69.3,,1250.644,-11.8,,31 33 21 75 62 22 18 61 60 69 96 97,STNAGAVFCLLR,CID
1,2065,062016_ETNP_129_100m.mgf,QSQGLYPAPK,10,54,10,544.7818,2,53.89,,1087.5662,-15.7,,67 80 74 65 40 25 59 51 43 31,QSQGLYPAPK,CID
1,3709,062016_ETNP_129_100m.mgf,NHDEVHGPR,9,54,9,530.7902,2,80.86,,1059.4846,76.6,,40 48 78 83 74 31 11 33 85,NHDEVHGPR,CID
1,2241,062016_ETNP_129_100m.mgf,GLPGGPTNK,9,53,9,420.7525,2,56.28,,839.4501,48,,74 85 61 40 32 35 69 29 55,GLPGGPTNK,CID
1,3143,062016_ETNP_129_100m.mgf,HLGFDFK,7,53,7,863.4222,1,69.1,,862.4337,-21.8,,86 88 15 20 65 44 56,HLGFDFK,CID
1,2931,062016_ETNP_129_100m.mgf,GGSSAPLAALTAAPK,15,53,15,656.35,2,65.49,,1310.7192,-25.8,,12 14 18 18 19 74 94 93 92 76 41 66 45 54 85,GGSSAPLAALTAAPK,CID
1,2990,062016_ETNP_129_100m.mgf,HKCVAECYAPGPR,13,53,13,715.8749,2,66.38,,1429.6594,53.1,,60 65 21 26 77 85 46 79 79 60 15 31 52,HKCVAECYAPGPR,CID
1,2520,062016_ETNP_129_100m.mgf,NLGDGTPK,8,53,8,801.4297,1,59.55,,800.4028,24.5,,75 94 66 32 10 57 31 61,NLGDGTPK,CID
1,3105,062016_ETNP_129_100m.mgf,EELSTTLPK,9,53,9,509.2792,2,68.51,,1016.5389,4.8,,79 79 73 22 17 18 78 46 67,EELSTTLPK,CID
1,2439,062016_ETNP_129_100m.mgf,WQEFHNVLLGGEGLR,15,53,15,877.9025,2,58.42,,1753.8899,-56.7,,32 44 21 24 27 46 48 83 82 40 34 79 57 88 90,WQEFHNVLLGGEGLR,CID
1,3400,062016_ETNP_129_100m.mgf,YGAPLLSAAWMTK,13,53,13,704.8651,2,74.13,,1407.7219,-4.4,,37 18 19 49 69 62 34 84 88 67 65 41 59,YGAPLLSAAWMTK,CID
1,3263,062016_ETNP_129_100m.mgf,QTPAGGMLAASGLEEK,16,53,16,780.4036,2,71.22,,1558.7661,17,,38 26 14 21 10 9 24 77 88 89 85 40 85 77 75 88,QTPAGGMLAASGLEEK,CID
1,2777,062016_ETNP_129_100m.mgf,GKLSYADALTCHLAPAK,17,53,17,879.916,2,63.1,,1757.9133,-54.5,,11 28 33 22 14 15 20 82 95 89 82 65 94 90 41 49 70,GKLSYADALTCHLAPAK,CID
1,3511,062016_ETNP_129_100m.mgf,HTSQADDNK,9,53,9,508.2492,2,76.51,,1014.4366,46.5,,72 73 29 26 45 32 34 72 90,HTSQADDNK,CID
1,2067,062016_ETNP_129_100m.mgf,GTKGSAPK,8,53,8,745.3533,1,53.91,,744.413,-89.9,,76 91 82 13 27 37 32 62,GTKGSAPK,CID
1,2445,062016_ETNP_129_100m.mgf,EYNELGR,7,53,7,880.3774,1,58.44,,879.4086,-43.7,,49 48 72 68 32 12 86,EYNELGR,CID
1,3498,062016_ETNP_129_100m.mgf,C(+57.02)NADVVKR,8,52,8,481.2801,2,76.31,,960.4811,67.3,Carbamidomethylation,67 79 69 61 22 24 21 76,C(+57.02)NADVVKR,CID
1,3161,062016_ETNP_129_100m.mgf,GTPC(+57.02)LAK,7,52,7,746.3937,1,69.37,,745.3792,9.6,Carbamidomethylation,73 82 26 18 68 43 56,GTPC(+57.02)LAK,CID
1,1690,062016_ETNP_129_100m.mgf,DLSVR,5,52,5,589.3122,1,48.98,,588.3231,-30.9,,43 46 19 70 83,DLSVR,CID
1,1556,062016_ETNP_129_100m.mgf,GC(+57.02)SLLVPR,8,52,8,901.5142,1,47.05,,900.4851,24.2,Carbamidomethylation,65 57 22 22 71 74 39 66,GC(+57.02)SLLVPR,CID
1,1239,062016_ETNP_129_100m.mgf,MAGNK,5,52,5,520.2988,1,42.2,,519.2475,84.7,,74 82 12 27 67,MAGNK,CID
1,1141,062016_ETNP_129_100m.mgf,LLLDCTPK,8,52,8,902.4932,1,41.02,,901.4943,-9.3,,77 92 54 27 20 22 51 75,LLLDCTPK,CID
1,1221,062016_ETNP_129_100m.mgf,DRPYGAPGK,9,52,9,480.7748,2,42.11,,959.4824,54.9,,71 71 67 37 11 68 79 31 33,DRPYGAPGK,CID
1,2542,062016_ETNP_129_100m.mgf,NLSKALPK,8,52,8,435.7573,2,59.84,,869.5334,-38.4,,34 50 32 63 78 62 38 57,NLSKALPK,CID
1,3200,062016_ETNP_129_100m.mgf,VSAPFPNAFLR,11,52,11,609.8286,2,70.42,,1217.6555,-10.6,,32 33 17 44 68 57 68 50 78 57 66,VSAPFPNAFLR,CID
1,2746,062016_ETNP_129_100m.mgf,RNAAVQFLAPK,11,52,11,607.8415,2,62.7,,1213.6931,-20.3,,34 40 79 35 28 71 88 90 39 28 39,RNAAVQFLAPK,CID
1,2474,062016_ETNP_129_100m.mgf,DMHGVKTR,8,52,8,472.2785,2,58.9,,942.4705,76.3,,72 68 85 21 22 19 52 74,DMHGVKTR,CID
1,3454,062016_ETNP_129_100m.mgf,NKAC(+57.02)PASVGANTER,14,52,14,737.8071,2,75.09,,1473.6995,-67.8,Carbamidomethylation,31 33 21 20 61 90 91 86 11 15 15 67 90 95,NKAC(+57.02)PASVGANTER,CID
1,3191,062016_ETNP_129_100m.mgf,VVHSGGPGPSGNTR,14,52,14,661.3386,2,70.25,,1320.6533,7.1,,32 37 31 91 88 78 28 10 21 28 59 76 78 68,VVHSGGPGPSGNTR,CID
1,3383,062016_ETNP_129_100m.mgf,KCVQHK,6,52,6,742.4106,1,73.77,,741.3956,10.5,,68 68 69 21 21 60,KCVQHK,CID
1,3079,062016_ETNP_129_100m.mgf,CCVNLAAVR,9,52,9,474.7817,2,68.05,,947.4681,85.3,,63 63 83 69 63 30 31 22 37,CCVNLAAVR,CID
1,3673,062016_ETNP_129_100m.mgf,SVDDPGYSLLEAC(+57.02)MHK,16,51,16,911.4288,2,80.04,,1820.8074,19.6,Carbamidomethylation,31 33 37 28 16 10 26 73 93 97 92 71 27 35 69 89,SVDDPGYSLLEAC(+57.02)MHK,CID
1,3524,062016_ETNP_129_100m.mgf,SLSPK,5,51,5,531.3015,1,76.71,,530.3064,-22.9,,38 49 21 67 82,SLSPK,CID
1,2328,062016_ETNP_129_100m.mgf,HRLVSLR,7,51,7,440.7444,2,57.3,,879.5402,-74.9,,59 69 31 19 63 59 60,HRLVSLR,CID
1,2201,062016_ETNP_129_100m.mgf,EDSC(+57.02)AENVK,9,51,9,526.2579,2,55.78,,1050.4287,69,Carbamidomethylation,76 75 75 72 31 33 22 18 60,EDSC(+57.02)AENVK,CID
1,3746,062016_ETNP_129_100m.mgf,TNGAM(+15.99)VVTNR,10,51,10,539.8143,2,81.83,,1077.5237,83.9,Oxidation (M),62 37 13 88 92 89 28 15 15 72,TNGAM(+15.99)VVTNR,CID
1,3631,062016_ETNP_129_100m.mgf,VSVGSCKAAK,10,51,10,475.2487,2,79.06,,948.5062,-24.7,,90 91 94 74 23 18 18 18 20 67,VSVGSCKAAK,CID
1,2792,062016_ETNP_129_100m.mgf,QQEAVYRALR,10,51,10,617.3121,2,63.31,,1232.6626,-43,,32 37 81 86 66 70 37 29 32 40,QQEAVYRALR,CID
1,3506,062016_ETNP_129_100m.mgf,APWAVADSPK,10,51,10,521.3074,2,76.44,,1040.5291,68.4,,65 54 81 82 22 16 19 14 69 90,APWAVADSPK,CID
1,1918,062016_ETNP_129_100m.mgf,NFCSNEPK,8,51,8,469.7434,2,52,,937.3964,81,,40 50 67 51 44 30 63 62,NFCSNEPK,CID
1,2033,062016_ETNP_129_100m.mgf,LAMFADNK,8,51,8,909.4366,1,53.45,,908.4426,-14.5,,76 37 24 50 67 75 29 48,LAMFADNK,CID
1,3254,062016_ETNP_129_100m.mgf,NAC(+57.02)AYGKAAASGLEEK,16,51,16,820.3857,2,71.18,,1638.7671,-6.3,Carbamidomethylation,27 28 18 18 19 37 26 21 82 93 90 45 83 72 69 83,NAC(+57.02)AYGKAAASGLEEK,CID
1,2410,062016_ETNP_129_100m.mgf,SAGPTTGMLLK,11,50,11,538.2803,2,58.11,,1074.5742,-26.3,,41 52 56 70 68 46 10 22 68 57 63,SAGPTTGMLLK,CID
1,2987,062016_ETNP_129_100m.mgf,C(+57.02)AVSTTAETGPR,12,50,12,625.3442,2,66.32,,1248.5769,77.7,Carbamidomethylation,31 35 24 62 75 77 79 82 35 10 19 75,C(+57.02)AVSTTAETGPR,CID
1,2849,062016_ETNP_129_100m.mgf,NSGELLAPER,10,50,10,543.28,2,64.11,,1084.5513,-5.3,,40 50 49 79 79 84 43 18 25 37,NSGELLAPER,CID
1,1924,062016_ETNP_129_100m.mgf,DYGQGVGAVC(+57.02)APK,13,50,13,661.2849,2,52.05,,1320.6133,-43.9,Carbamidomethylation,33 32 8 61 56 79 43 71 46 34 59 67 63,DYGQGVGAVC(+57.02)APK,CID
1,3261,062016_ETNP_129_100m.mgf,NALTHLGLAASYAPPK,16,50,16,812.3996,2,71.21,,1622.8779,-57.5,,31 35 39 21 21 30 12 83 91 92 87 67 29 44 69 52,NALTHLGLAASYAPPK,CID
1,2737,062016_ETNP_129_100m.mgf,KNVSAAVTGCVPAR,14,50,14,686.8306,2,62.62,,1371.7292,-60.3,,41 35 22 55 72 32 18 18 8 43 82 88 92 97,KNVSAAVTGCVPAR,CID
1,2489,062016_ETNP_129_100m.mgf,RPLNATSEPK,10,50,10,556.8264,2,59.05,,1111.5986,35.6,,73 74 76 26 19 46 66 56 24 41,RPLNATSEPK,CID
1,3075,062016_ETNP_129_100m.mgf,KAGGFGEPGNPAAR,14,50,14,664.8573,2,68.02,,1327.6633,27.7,,49 54 14 18 90 84 90 80 54 19 12 25 34 77,KAGGFGEPGNPAAR,CID
1,3123,062016_ETNP_129_100m.mgf,VHNLR,5,50,5,638.3959,1,68.83,,637.366,35.5,,44 38 19 72 77,VHNLR,CID
1,3642,062016_ETNP_129_100m.mgf,KAQATCK,7,50,7,749.386,1,79.35,,748.3901,-15.3,,51 52 31 63 27 30 91,KAQATCK,CID
1,3800,062016_ETNP_129_100m.mgf,AELSLGFDRHHK,12,50,12,705.3436,2,82.86,,1408.7212,-34.4,,27 33 27 21 89 79 88 75 26 30 45 55,AELSLGFDRHHK,CID